{
  "confidence_thresholds": [
    0.05,
    0.1,
    0.15000000000000002,
    0.2,
    0.25,
    0.30000000000000004,
    0.35000000000000003,
    0.4,
    0.45,
    0.5,
    0.55,
    0.6000000000000001,
    0.65,
    0.7000000000000001,
    0.75,
    0.8,
    0.8500000000000001,
    0.9,
    0.9500000000000001
  ],
  "f1_scores": [
    0.924731182795699,
    0.924731182795699,
    0.924731182795699,
    0.9010989010989011,
    0.8372093023255813,
    0.7951807228915663,
    0.7012987012987013,
    0.6486486486486487,
    0.5294117647058824,
    0.41269841269841273,
    0.3870967741935484,
    0.3050847457627119,
    0.21428571428571425,
    0.07692307692307693,
    0.07692307692307693,
    0.07692307692307693,
    0.07692307692307693,
    0,
    0
  ],
  "precisions": [
    1.0,
    1.0,
    1.0,
    1.0,
    1.0,
    1.0,
    1.0,
    1.0,
    1.0,
    1.0,
    1.0,
    1.0,
    1.0,
    1.0,
    1.0,
    1.0,
    1.0,
    0,
    0
  ],
  "recalls": [
    0.86,
    0.86,
    0.86,
    0.82,
    0.72,
    0.66,
    0.54,
    0.48,
    0.36,
    0.26,
    0.24,
    0.18,
    0.12,
    0.04,
    0.04,
    0.04,
    0.04,
    0.0,
    0.0
  ],
  "best_f1": 0.924731182795699,
  "best_confidence": 0.05
}